{
    "Amapá": {
        "escolaridade_media": 6.224153303243966,
        "renda_media": 644.0911846474899
    },
    "Maranhão": {
        "escolaridade_media": 4.875147288163028,
        "renda_media": 441.0630608509142
    },
    "Paraíba": {
        "escolaridade_media": 5.537426249453281,
        "renda_media": 579.5674593170503
    },
    "Pernambuco": {
        "escolaridade_media": 5.689353850939612,
        "renda_media": 551.8860679920224
    },
    "Sergipe": {
        "escolaridade_media": 5.520480481033099,
        "renda_media": 612.1191541435968
    },
    "São Paulo": {
        "escolaridade_media": 7.466600828919752,
        "renda_media": 1094.0670770958955
    },
    "Distrito Federal": {
        "escolaridade_media": 7.911563403410907,
        "renda_media": 1664.8511919945922
    },
    "Ceará": {
        "escolaridade_media": 5.578181122170468,
        "renda_media": 528.7265623494808
    },
    "Amazonas": {
        "escolaridade_media": 5.91452831700821,
        "renda_media": 555.176772434145
    },
    "Minas Gerais": {
        "escolaridade_media": 6.40314995009125,
        "renda_media": 868.6023382009623
    },
    "Rio Grande do Norte": {
        "escolaridade_media": 5.935586481708065,
        "renda_media": 644.5401845198386
    },
    "Santa Catarina": {
        "escolaridade_media": 7.070504533437793,
        "renda_media": 1057.838671119029
    },
    "Acre": {
        "escolaridade_media": 5.596340973828595,
        "renda_media": 628.1636812020876
    },
    "Espírito Santo": {
        "escolaridade_media": 6.697237066916912,
        "renda_media": 897.0821980240951
    },
    "Piauí": {
        "escolaridade_media": 4.994022644563046,
        "renda_media": 561.7967922880803
    },
    "Rondônia": {
        "escolaridade_media": 5.800860799253452,
        "renda_media": 717.2607276858463
    },
    "Mato Grosso do Sul": {
        "escolaridade_media": 6.565057196789418,
        "renda_media": 984.8414509006033
    },
    "Rio Grande do Sul": {
        "escolaridade_media": 6.779448285101678,
        "renda_media": 1024.8890053361035
    },
    "Alagoas": {
        "escolaridade_media": 4.951313300376971,
        "renda_media": 449.7424498375809
    },
    "Tocantins": {
        "escolaridade_media": 5.827311481375582,
        "renda_media": 677.0394528209218
    },
    "Rio de Janeiro": {
        "escolaridade_media": 7.303853265806892,
        "renda_media": 956.8297054367365
    },
    "Roraima": {
        "escolaridade_media": 6.729399286471892,
        "renda_media": 713.4043283086384
    },
    "Pará": {
        "escolaridade_media": 5.372486979178287,
        "renda_media": 518.9775845905583
    },
    "Mato Grosso": {
        "escolaridade_media": 6.3506407004613346,
        "renda_media": 930.6390118651304
    },
    "Bahia": {
        "escolaridade_media": 5.4878033143461,
        "renda_media": 554.7670739564229
    },
    "Goiás": {
        "escolaridade_media": 6.592408446182031,
        "renda_media": 885.736212627722
    },
    "Paraná": {
        "escolaridade_media": 6.790077058744769,
        "renda_media": 1008.609141492208
    }
}